x_position_m,cx_local,cx_cumulative,profile_lower_m,profile_upper_m
-0.864691,0.118023,0.118023,-0.100871,0.398797
-0.783671,0.0272517,0.145275,-0.113474,0.462397
-0.702651,-0.0111879,0.134087,-0.120266,0.513804
-0.621631,-0.0138741,0.120213,-0.125499,0.556953
-0.54061,-0.0116271,0.108586,-0.128573,0.57487
-0.45959,-0.0165644,0.0920211,-0.131949,0.605632
-0.37857,0.0252022,0.117223,-0.127001,0.631269
-0.29755,-0.00876801,0.108455,-0.159637,0.642239
-0.216529,0.007387,0.115842,-0.232878,0.661403
-0.135509,0.00217751,0.11802,-0.266324,0.677903
-0.0544889,-0.000504395,0.117515,-0.26645,0.694337
0.0265314,-0.00117587,0.11634,-0.266379,0.696196
0.107552,0.000500644,0.11684,-0.266528,0.713126
0.188572,0.00556932,0.12241,-0.237221,0.74856
0.269592,0.0196015,0.142011,-0.166903,0.797462
0.350612,-0.0128344,0.129177,-0.128352,0.84788
0.431633,-0.00052237,0.128654,-0.127682,0.878147
0.512653,-0.00313251,0.125522,-0.126937,0.918646
0.593673,-0.00702085,0.118501,-0.126226,0.962579
0.674693,-0.0075418,0.110959,-0.125516,1.00277
0.755714,0.00425036,0.11521,-0.124907,1.02195
0.836734,-0.00878745,0.106422,-0.124194,1.05784
0.917754,-0.00939663,0.0970254,-0.123483,1.09036
0.998775,-0.00453107,0.0924944,-0.122569,1.10212
1.07979,-0.00457465,0.0879197,-0.122163,1.12056
1.16082,-0.00283299,0.0850867,-0.12135,1.13366
1.24184,-0.000892506,0.0841942,-0.120537,1.13876
1.32286,-0.000732797,0.0834614,-0.12013,1.14629
1.40388,7.59026e-05,0.0835373,-0.119318,1.15084
1.4849,0.000597333,0.0841346,-0.118505,1.15313
1.56592,0.00049857,0.0846332,-0.117692,1.15358
1.64694,0.00120925,0.0858425,-0.117286,1.15363
1.72796,0.00156149,0.087404,-0.116473,1.15266
1.80898,0.000902977,0.0883069,-0.11566,1.15044
1.89,0.00192596,0.0902329,-0.115254,1.14889
1.97102,0.00209153,0.0923244,-0.114543,1.14498
2.05204,0.00100674,0.0933312,-0.113935,1.14
2.13306,0.0278885,0.12122,-0.113227,1.13709
2.21408,0.00543851,0.126658,-0.161051,1.1304
2.2951,0.0131364,0.139795,-0.234492,1.12245
2.37612,0.00862011,0.148415,-0.266282,1.11803
2.45714,0.00709567,0.15551,-0.266406,1.10974
2.53816,0.00582834,0.161339,-0.266417,1.10107
2.61918,0.0113498,0.172688,-0.266451,1.09803
2.7002,0.0070198,0.179708,-0.23575,1.0007
2.78122,0.023035,0.202743,-0.165461,0.949511
2.86224,0.00485524,0.207599,-0.0558984,0.895502
2.94326,0.0214424,0.229041,-0.052538,0.816353
3.02428,0.025347,0.254388,-0.0377097,0.748985
3.1053,0.023369,0.277757,0.0250069,0.537451
