x_position_m,cx_local,cx_cumulative,profile_lower_m,profile_upper_m,cx_cumulative_no_spat,cx_difference
-0.864693,0.124596,0.124596,-0.100871,0.398802,0.118023,0.00657347
-0.783675,0.0289443,0.153541,-0.113479,0.462396,0.145275,0.00826602
-0.702657,-0.0091758,0.144365,-0.120265,0.513802,0.134087,0.0102781
-0.621639,-0.0122257,0.132139,-0.125499,0.556974,0.120213,0.0119265
-0.54062,-0.0101841,0.121955,-0.128573,0.574879,0.108586,0.0133695
-0.459602,-0.0169717,0.104983,-0.131949,0.60562,0.0920211,0.0129622
-0.378584,0.0456035,0.150587,-0.186357,0.631258,0.117223,0.0333634
-0.297566,-0.0260736,0.124513,-0.159637,0.642205,0.108455,0.0160578
-0.216547,0.0141319,0.138645,-0.232878,0.661399,0.115842,0.0228027
-0.135529,0.0088341,0.147479,-0.266324,0.677905,0.11802,0.0294593
-0.0545109,0.00158349,0.149063,-0.26645,0.694335,0.117515,0.0315472
0.0265073,-0.00134632,0.147716,-0.266379,0.696204,0.11634,0.0313768
0.107526,-0.000599007,0.147117,-0.266528,0.713122,0.11684,0.0302771
0.188544,-0.00635029,0.140767,-0.237221,0.74856,0.12241,0.0183575
0.269562,0.0304584,0.171225,-0.166903,0.797462,0.142011,0.0292144
0.35058,-0.0400145,0.131211,-0.128352,0.84788,0.129177,0.00203426
0.431599,-0.000840135,0.130371,-0.127682,0.878147,0.128654,0.00171649
0.512617,-0.00370796,0.126663,-0.126937,0.918646,0.125522,0.00114105
0.593635,-0.00724636,0.119416,-0.126226,0.962579,0.118501,0.000915531
0.674653,-0.00778223,0.111634,-0.125516,1.00277,0.110959,0.000675104
0.755672,0.00445547,0.11609,-0.124907,1.02195,0.11521,0.000880215
0.83669,-0.00883281,0.107257,-0.124194,1.05784,0.106422,0.000834857
0.917708,-0.00941305,0.0978439,-0.123483,1.09036,0.0970254,0.000818432
0.998726,-0.00452288,0.093321,-0.122569,1.10212,0.0924944,0.00082663
1.07974,-0.00459694,0.088724,-0.122163,1.12056,0.0879197,0.000804337
1.16076,-0.00283483,0.0858892,-0.12135,1.13366,0.0850867,0.000802502
1.24178,-0.000896907,0.0849923,-0.120537,1.13876,0.0841942,0.000798101
1.3228,-0.000749632,0.0842427,-0.12013,1.14629,0.0834614,0.000781266
1.40382,6.1833e-05,0.0843045,-0.119318,1.15084,0.0835373,0.000767196
1.48484,0.000585452,0.08489,-0.118505,1.15313,0.0841346,0.000755315
1.56585,0.000478961,0.0853689,-0.117692,1.15358,0.0846332,0.000735707
1.64687,0.00119574,0.0865647,-0.117286,1.15363,0.0858425,0.000722194
1.72789,0.00148542,0.0880501,-0.116473,1.15266,0.087404,0.00064613
1.80891,0.000903376,0.0889535,-0.11566,1.15044,0.0883069,0.000646529
1.88993,0.00190843,0.0908619,-0.115254,1.14889,0.0902329,0.000628999
1.97095,0.00216679,0.0930287,-0.114543,1.14498,0.0923244,0.000704263
2.05196,0.00102895,0.0940576,-0.113936,1.14,0.0933312,0.000726466
2.13298,0.0254477,0.119505,-0.113227,1.13709,0.12122,-0.00171442
2.214,0.00558627,0.125092,-0.161051,1.1304,0.126658,-0.00156666
2.29502,0.00982833,0.13492,-0.234492,1.12252,0.139795,-0.00487474
2.37604,0.00847467,0.143395,-0.266282,1.11809,0.148415,-0.00502018
2.45705,0.00683729,0.150232,-0.266458,1.10974,0.15551,-0.00527855
2.53807,0.00565118,0.155883,-0.266447,1.10107,0.161339,-0.00545572
2.61909,0.012689,0.168572,-0.266451,1.09804,0.172688,-0.00411647
2.70011,0.00764005,0.176212,-0.23575,1.00078,0.179708,-0.00349622
2.78113,0.0230896,0.199302,-0.165465,0.949347,0.202743,-0.00344164
2.86215,0.00465042,0.203952,-0.0558984,0.895493,0.207599,-0.00364645
2.94316,0.0209289,0.224881,-0.052538,0.816353,0.229041,-0.00415994
3.02418,0.0256669,0.250548,-0.0377097,0.748985,0.254388,-0.00384
3.1052,0.0257465,0.276294,0.0250069,0.537451,0.277757,-0.00146257
